--liquibase formatted sql

--changeset frankbille:999-test-data context:local

# This file is auto-generated by TestDataIntegration using SeedDataCreator
# To change the test data, edit the TestDataIntegration class and run the tests again

insert into families (currency_code,currency_kind,currency_minor_unit,currency_name,currency_position,currency_symbol,default_reward_account_id,name,recurring_task_completion_grace_period_days) values ('USD','ISO_CURRENCY',2,'US Dollar','PREFIX','$',NULL,'Test Family',7);

insert into parents (name) values ('Jane Doe');

insert into family_parents (family_id,parent_id,relation) values (1,1,'Mom');

insert into parents (name) values ('John Doe');

insert into family_parents (family_id,parent_id,relation) values (1,2,'Dad');

insert into children (name) values ('Lucy');

insert into family_children (child_id,family_id,relation,reward_payout_policy_override) values (1,1,'Daughter',NULL);

insert into children (name) values ('Dave');

insert into family_children (child_id,family_id,relation,reward_payout_policy_override) values (2,1,'Son','ON_APPROVAL');

insert into money_accounts (family_id,kind,name) values (1,'BANK','Mom''s bank account');

insert into money_accounts (family_id,kind,name) values (1,'CASH','Drawer');

insert into money_accounts (family_id,kind,name) values (1,'CASH','Piggy bank');

update families set currency_code='USD',currency_kind='ISO_CURRENCY',currency_minor_unit=2,currency_name='US Dollar',currency_position='PREFIX',currency_symbol='$',default_reward_account_id=1,name='Test Family',recurring_task_completion_grace_period_days=7 where id=1;

insert into task_categories (family_id,name) values (1,'Household');

insert into task_categories (family_id,name) values (1,'Gardening');

insert into parent_invitations (accepted_at,created_at,email,expires_at,family_id,invitation_nonce,invited_by_parent_id,resolved_parent_id,status) values ('2026-02-01 11:00:00','2026-02-01 10:30:00','grandma@example.com','2026-02-08 10:30:00',1,'nonce-grandma-accepted',1,2,'ACCEPTED');

insert into tasks (category_id,created_at,created_by_parent_id,description,eligibility_mode,family_id,reward_amount_minor,reward_payout_policy,title,updated_at,updated_by_parent_id,type) values (1,'2026-02-20 09:00:00',1,'One-off task: Clean your room','ALL_CHILDREN',1,500,'ON_COMPLETION','Clean your room','2026-02-21 09:00:00',1,'ONE_OFF');
insert into one_off_tasks (approved_at,approved_by_parent_id,completed_at,completed_child_id,status,task_id) values (NULL,NULL,NULL,NULL,'AVAILABLE',1);

insert into tasks (category_id,created_at,created_by_parent_id,description,eligibility_mode,family_id,reward_amount_minor,reward_payout_policy,title,updated_at,updated_by_parent_id,type) values (2,'2026-02-20 09:00:00',1,'One-off task: Mow the lawn','RESTRICTED',1,1200,'ON_APPROVAL','Mow the lawn','2026-02-21 09:00:00',2,'ONE_OFF');
insert into one_off_tasks (approved_at,approved_by_parent_id,completed_at,completed_child_id,status,task_id) values ('2026-03-01 13:30:45',2,'2026-03-01 11:15:30',2,'APPROVED',2);
insert into tasks_eligible_children (task_id,child_id) values (2,2);

insert into tasks (category_id,created_at,created_by_parent_id,description,eligibility_mode,family_id,reward_amount_minor,reward_payout_policy,title,updated_at,updated_by_parent_id,type) values (2,'2026-01-01 09:00:00',1,'Recurring task: Water the plants','RESTRICTED',1,250,'ON_APPROVAL','Water the plants','2026-02-01 09:00:00',2,'RECURRING');
insert into recurring_tasks (recurrence_day_of_month,recurrence_days,recurrence_ends_on,recurrence_interval,recurrence_kind,recurrence_max_completions_per_period,recurrence_starts_on,status,task_id) values (NULL,'MONDAY,THURSDAY','2026-03-31',2,'WEEKLY',2,'2026-01-01','ARCHIVED',3);
insert into tasks_eligible_children (task_id,child_id) values (3,1);
insert into tasks_eligible_children (task_id,child_id) values (3,2);

insert into recurring_task_completions (approved_at,approved_by_parent_id,child_id,completed_at,occurrence_date,recurring_task_id,status) values (NULL,NULL,2,'2026-03-02 08:00:00','2026-03-02',3,'COMPLETED');

insert into recurring_task_completions (approved_at,approved_by_parent_id,child_id,completed_at,occurrence_date,recurring_task_id,status) values ('2026-03-05 09:00:00',1,1,'2026-03-05 08:00:00','2026-03-05',3,'APPROVED');

insert into transactions (amount_minor,child_id,description,family_id,owner_parent_id,timestamp,account_one_id,one_off_task_id,recurring_task_completion_id,transaction_type) values (1200,2,'Reward payout',1,2,'2026-03-04 09:00:00',3,2,NULL,'REWARD');

insert into transactions (amount_minor,child_id,description,family_id,owner_parent_id,timestamp,account_one_id,one_off_task_id,recurring_task_completion_id,transaction_type) values (250,1,'Reward payout',1,1,'2026-03-04 09:00:00',3,NULL,2,'REWARD');

insert into transactions (amount_minor,child_id,description,family_id,owner_parent_id,timestamp,account_one_id,transaction_type) values (5000,1,'Deposit',1,1,'2026-02-15 09:00:00',1,'DEPOSIT');

insert into transactions (amount_minor,child_id,description,family_id,owner_parent_id,timestamp,account_one_id,transaction_type) values (450,1,'Withdrawal',1,2,'2026-02-16 09:00:00',1,'WITHDRAWAL');

insert into transactions (amount_minor,child_id,description,family_id,owner_parent_id,timestamp,account_one_id,account_two_id,transaction_type) values (300,2,'Transfer',1,1,'2026-02-17 09:00:00',1,3,'TRANSFER');

insert into transactions (amount_minor,child_id,description,family_id,owner_parent_id,timestamp,account_one_id,adjustment_reason,transaction_type) values (125,2,'Adjustment',1,2,'2026-02-18 09:00:00',3,'MANUAL_ADD','ADJUSTMENT');

